"['Haliangium', 'ochraceum']","['Haliangium', 'ochraceum', 'DSM', '14365']"
"['Legionella', 'tucsonensis']","['Legionella', 'parisiensis']"
"['Legionella', 'tucsonensis']","['Legionella', 'pneumophila']"
"['Listeria', 'welshimeri']","['Listeria', 'monocytogenes', 'serotype', '4b', 'str.', 'F2365']"
"['Listeria', 'welshimeri']","['Listeria', 'monocytogenes', 'SLCC2540']"
"['Bacteroides', 'cellulosolvens']","['Bacteroides', 'fragilis', 'NCTC', '9343']"
"['Bacteroides', 'cellulosolvens']","['Bacteroides', 'fragilis']"
"['Bacteroides', 'cellulosolvens']","['Bacteroides', 'thetaiotaomicron', 'VPI-5482']"
"['Bacteroides', 'cellulosolvens']","['Bacteroides', 'fragilis', '638R']"
"['Chondromyces', 'robustus']","['Chondromyces', 'crocatus']"
"['Clostridium', 'algifaecis']","['Clostridium', 'beijerinckii']"
"['Clostridium', 'algifaecis']","['Clostridium', 'botulinum', 'A', 'str.', 'ATCC', '3502']"
"['Clostridium', 'algifaecis']","['Clostridium', 'sporogenes', 'ATCC', '15579']"
"['Clostridium', 'algifaecis']","['Clostridium', 'sp.', 'CAG:567']"
"['Clostridium', 'gasigenes']","['Clostridium', 'beijerinckii']"
"['Clostridium', 'gasigenes']","['Clostridium', 'botulinum', 'A', 'str.', 'ATCC', '3502']"
"['Clostridium', 'gasigenes']","['Clostridium', 'sporogenes', 'ATCC', '15579']"
"['Clostridium', 'gasigenes']","['Clostridium', 'sp.', 'CAG:567']"
"['Clostridium', 'ghonii']","['Clostridium', 'beijerinckii']"
"['Clostridium', 'ghonii']","['Clostridium', 'botulinum', 'A', 'str.', 'ATCC', '3502']"
"['Clostridium', 'ghonii']","['Clostridium', 'sporogenes', 'ATCC', '15579']"
"['Clostridium', 'ghonii']","['Clostridium', 'sp.', 'CAG:567']"
"['Clostridium', 'halophilum']","['Clostridium', 'beijerinckii']"
"['Clostridium', 'halophilum']","['Clostridium', 'botulinum', 'A', 'str.', 'ATCC', '3502']"
"['Clostridium', 'halophilum']","['Clostridium', 'sporogenes', 'ATCC', '15579']"
"['Clostridium', 'halophilum']","['Clostridium', 'sp.', 'CAG:567']"
"['Clostridium', 'hylemonae']","['Clostridium', 'beijerinckii']"
"['Clostridium', 'hylemonae']","['Clostridium', 'botulinum', 'A', 'str.', 'ATCC', '3502']"
"['Clostridium', 'hylemonae']","['Clostridium', 'sporogenes', 'ATCC', '15579']"
"['Clostridium', 'hylemonae']","['Clostridium', 'sp.', 'CAG:567']"
"['Clostridium', 'thermosuccinogenes']","['Clostridium', 'beijerinckii']"
"['Clostridium', 'thermosuccinogenes']","['Clostridium', 'botulinum', 'A', 'str.', 'ATCC', '3502']"
"['Clostridium', 'thermosuccinogenes']","['Clostridium', 'sporogenes', 'ATCC', '15579']"
"['Clostridium', 'thermosuccinogenes']","['Clostridium', 'sp.', 'CAG:567']"
"['Bacillus', 'azotoformans']","['Bacillus', 'velezensis', 'FZB42']"
"['Bacillus', 'azotoformans']","['Bacillus', 'subtilis', 'subsp.', 'subtilis', 'str.', '168']"
"['Bacillus', 'azotoformans']","['Bacillus', 'licheniformis']"
"['Bacillus', 'azotoformans']","['Bacillus', 'cereus']"
"['Bacillus', 'azotoformans']","['Bacillus', 'sp.', 'NK2003']"
"['Bacillus', 'azotoformans']","['Bacillus', 'licheniformis', 'DSM', '13', '=', 'ATCC', '14580']"
"['Bacillus', 'azotoformans']","['Bacillus', 'subtilis', 'subsp.', 'subtilis']"
"['Bacillus', 'azotoformans']","['Bacillus', 'subtilis', 'subsp.', 'spizizenii']"
"['Bacillus', 'azotoformans']","['Bacillus', 'subtilis']"
"['Bacillus', 'azotoformans']","['Bacillus', 'halodurans', 'C-125']"
"['Bacillus', 'azotoformans']","['Bacillus', 'sp.', 'HIL-Y85/54728']"
"['Bacillus', 'azotoformans']","['Bacillus', 'subtilis', 'subsp.', 'spizizenii', 'ATCC', '6633']"
"['Bacillus', 'azotoformans']","['Bacillus', 'thuringiensis']"
"['Bacillus', 'azotoformans']","['Bacillus', 'cereus', 'ATCC', '14579']"
"['Bacillus', 'azotoformans']","['Bacillus', 'coagulans']"
"['Bacillus', 'azotoformans']","['Bacillus', 'megaterium']"
"['Bacillus', 'azotoformans']","['Bacillus', 'circulans']"
"['Bacillus', 'azotoformans']","['Bacillus', 'sp.', 'CS93']"
"['Bacillus', 'azotoformans']","['Bacillus', 'anthracis', 'str.', 'Ames']"
"['Bacillus', 'azotoformans']","['Bacillus', 'pumilus', 'ATCC', '7061']"
"['Bacillus', 'azotoformans']","['Bacillus', 'pseudomycoides', 'DSM', '12442']"
"['Bacillus', 'azotoformans']","['Bacillus', 'thuringiensis', 'serovar', 'rongseni']"
"['Bacillus', 'azotoformans']","['Bacillus', 'cereus', 'SJ1']"
"['Bacillus', 'azotoformans']","['Bacillus', 'sp.', '2_A_57_CT2']"
"['Bacillus', 'azotoformans']","['Bacillus', 'thuringiensis', 'serovar', 'chinensis', 'CT-43']"
"['Bacillus', 'azotoformans']","['Bacillus', 'cereus', 'BAG2O-1']"
"['Bacillus', 'azotoformans']","['Bacillus', 'mycoides']"
"['Bacillus', 'azotoformans']","['Bacillus', 'thuringiensis', 'serovar', 'huazhongensis', 'BGSC', '4BD1']"
"['Rhodobacter', 'megalophilus']","['Rhodobacter', 'sphaeroides']"
"['Rhodobacter', 'megalophilus']","['Rhodobacter', 'capsulatus']"
"['Lactobacillus', 'mellifer']","['Lactobacillus', 'plantarum']"
"['Lactobacillus', 'mellifer']","['Lactobacillus', 'acidophilus']"
"['Lactobacillus', 'mellifer']","['Lactobacillus', 'gasseri']"
"['Lactobacillus', 'mellifer']","['Lactobacillus', 'sakei']"
"['Lactobacillus', 'mellifer']","['Lactobacillus', 'salivarius']"
"['Lactobacillus', 'mellifer']","['Lactobacillus', 'paragasseri', 'JV-V03']"
"['Lactobacillus', 'mellifer']","['Lactobacillus', 'johnsonii']"
"['Lactobacillus', 'mellifer']","['Lactobacillus', 'rhamnosus', 'GG']"
"['Lactobacillus', 'mellifer']","['Lactobacillus', 'plantarum', 'subsp.', 'plantarum']"
"['Streptomyces', 'daliensis']","['Streptomyces', 'nodosus']"
"['Streptomyces', 'daliensis']","['Streptomyces', 'eurythermus']"
"['Streptomyces', 'daliensis']","['Streptomyces', 'thioluteus']"
"['Streptomyces', 'daliensis']","['Streptomyces', 'avermitilis']"
"['Streptomyces', 'daliensis']","['Streptomyces', 'viridochromogenes', 'Tue57']"
"['Streptomyces', 'daliensis']","['Streptomyces', 'lohii']"
"['Streptomyces', 'daliensis']","['Streptomyces', 'sp.', 'DSM', '21069']"
"['Streptomyces', 'daliensis']","['Streptomyces', 'parvulus']"
"['Streptomyces', 'daliensis']","['Streptomyces', 'chartreusis', 'NRRL', '3882']"
"['Streptomyces', 'daliensis']","['Streptomyces', 'sp.', 'FR-008']"
"['Streptomyces', 'daliensis']","['Streptomyces', 'bikiniensis']"
"['Streptomyces', 'daliensis']","['Streptomyces', 'antibioticus']"
"['Streptomyces', 'daliensis']","['Streptomyces', 'coelicolor', 'A3(2)']"
"['Streptomyces', 'daliensis']","['Streptomyces', 'neyagawaensis']"
"['Streptomyces', 'daliensis']","['Streptomyces', 'sp.', 'MJ635-86F5']"
"['Streptomyces', 'daliensis']","['Streptomyces', 'sp.', 'KCTC', '0041BP']"
"['Streptomyces', 'daliensis']","['Streptomyces', 'aculeolatus']"
"['Streptomyces', 'daliensis']","['Streptomyces', 'aizunensis']"
"['Streptomyces', 'daliensis']","['Streptomyces', 'graminofaciens']"
"['Streptomyces', 'daliensis']","['Streptomyces', 'avermitilis', 'MA-4680', '=', 'NBRC', '14893']"
"['Streptomyces', 'daliensis']","['Streptomyces', 'pulveraceus']"
"['Streptomyces', 'daliensis']","['Streptomyces', 'galbus']"
"['Streptomyces', 'daliensis']","['Streptomyces', 'hygroscopicus']"
"['Streptomyces', 'daliensis']","['Streptomyces', 'hygroscopicus', 'subsp.', 'duamyceticus']"
"['Streptomyces', 'daliensis']","['Streptomyces', 'halstedii']"
"['Streptomyces', 'daliensis']","['Streptomyces', 'sp.', 'LZ35']"
"['Streptomyces', 'daliensis']","['Streptomyces', 'sp.', 'ML694-90F3']"
"['Streptomyces', 'daliensis']","['Streptomyces', 'amphibiosporus']"
"['Streptomyces', 'daliensis']","['Streptomyces', 'sp.', 'CS684']"
"['Streptomyces', 'daliensis']","['Streptomyces', 'rochei']"
"['Streptomyces', 'daliensis']","['Streptomyces', 'lasaliensis']"
"['Streptomyces', 'daliensis']","['Streptomyces', 'sp.', 'CNQ-617']"
"['Streptomyces', 'daliensis']","['Streptomyces', 'nanchangensis']"
"['Streptomyces', 'daliensis']","['Streptomyces', 'venezuelae']"
"['Streptomyces', 'daliensis']","['Streptomyces', 'mycarofaciens']"
"['Streptomyces', 'daliensis']","['Streptomyces', 'sp.', 'MP39-85']"
"['Streptomyces', 'daliensis']","['Streptomyces', 'cinnamonensis']"
"['Streptomyces', 'daliensis']","['Streptomyces', 'sp.', 'CS']"
"['Streptomyces', 'daliensis']","['Streptomyces', 'chattanoogensis']"
"['Streptomyces', 'daliensis']","['Streptomyces', 'cyaneogriseus', 'subsp.', 'noncyanogenus']"
"['Streptomyces', 'daliensis']","['Streptomyces', 'orinoci']"
"['Streptomyces', 'daliensis']","['Streptomyces', 'carzinostaticus']"
"['Streptomyces', 'daliensis']","['Streptomyces', 'carzinostaticus', 'subsp.', 'neocarzinostaticus']"
"['Streptomyces', 'daliensis']","['Streptomyces', 'caelestis']"
"['Streptomyces', 'daliensis']","['Streptomyces', 'violaceusniger']"
"['Streptomyces', 'daliensis']","['Streptomyces', 'noursei', 'ATCC', '11455']"
"['Streptomyces', 'daliensis']","['Streptomyces', 'pactum']"
"['Streptomyces', 'daliensis']","['Streptomyces', 'sp.', 'HK803']"
"['Streptomyces', 'daliensis']","['Streptomyces', 'piomogenus']"
"['Streptomyces', 'daliensis']","['Streptomyces', 'natalensis']"
"['Streptomyces', 'daliensis']","['Streptomyces', 'platensis']"
"['Streptomyces', 'daliensis']","['Streptomyces', 'vitaminophilus']"
"['Streptomyces', 'daliensis']","['Streptomyces', 'sp.', 'UC', '11065']"
"['Streptomyces', 'daliensis']","['Streptomyces', 'sp.', 'SN-593']"
"['Streptomyces', 'daliensis']","['Streptomyces', 'diastaticus']"
"['Streptomyces', 'daliensis']","['Streptomyces', 'sp.', '88-682']"
"['Streptomyces', 'daliensis']","['Streptomyces', 'achromogenes', 'subsp.', 'rubradiris']"
"['Streptomyces', 'daliensis']","['Streptomyces', 'albus']"
"['Streptomyces', 'daliensis']","['Streptomyces', 'ambofaciens', 'ATCC', '23877']"
"['Streptomyces', 'daliensis']","['Streptomyces', 'sp.', 'CK4412']"
"['Streptomyces', 'daliensis']","['Streptomyces', 'griseochromogenes']"
"['Streptomyces', 'daliensis']","['Streptomyces', 'spiroverticillatus']"
"['Streptomyces', 'daliensis']","['Streptomyces', 'longisporoflavus']"
"['Streptomyces', 'daliensis']","['Streptomyces', 'sp.', 'NRRL', '11266']"
"['Streptomyces', 'daliensis']","['Streptomyces', 'fradiae']"
"['Streptomyces', 'daliensis']","['Streptomyces', 'himastatinicus', 'ATCC', '53653']"
"['Streptomyces', 'daliensis']","['Streptomyces', 'sp.', 'YIM', '56141']"
"['Streptomyces', 'daliensis']","['Streptomyces', 'platensis', 'subsp.', 'rosaceus']"
"['Streptomyces', 'daliensis']","['Streptomyces', 'nodosus', 'subsp.', 'asukaensis']"
"['Streptomyces', 'daliensis']","['Streptomyces', 'sp.', 'SANK', '61196']"
"['Streptomyces', 'daliensis']","['Streptomyces', 'galilaeus']"
"['Streptomyces', 'daliensis']","['Streptomyces', 'sp.', 'CM020']"
"['Streptomyces', 'daliensis']","['Streptomyces', 'echinatus']"
"['Streptomyces', 'daliensis']","['Streptomyces', 'aureofaciens']"
"['Streptomyces', 'daliensis']","['Streptomyces', 'sp.', 'A2991200']"
"['Streptomyces', 'daliensis']","['Streptomyces', 'chartreusis']"
"['Streptomyces', 'daliensis']","['Streptomyces', 'griseus', 'subsp.', 'griseus']"
"['Streptomyces', 'daliensis']","['Streptomyces', 'albaduncus']"
"['Streptomyces', 'daliensis']","['Streptomyces', 'sp.', 'SPB074']"
"['Streptomyces', 'daliensis']","['Streptomyces', 'aureus']"
"['Streptomyces', 'daliensis']","['Streptomyces', 'olindensis']"
"['Streptomyces', 'daliensis']","['Streptomyces', 'cyaneus']"
"['Streptomyces', 'daliensis']","['Streptomyces', 'sp.']"
"['Streptomyces', 'daliensis']","['Streptomyces', 'peucetius']"
"['Streptomyces', 'daliensis']","['Streptomyces', 'olivaceus']"
"['Streptomyces', 'daliensis']","['Streptomyces', 'maritimus']"
"['Streptomyces', 'daliensis']","['Streptomyces', 'sp.', 'TA-0256']"
"['Streptomyces', 'daliensis']","['Streptomyces', 'griseus']"
"['Streptomyces', 'daliensis']","['Streptomyces', 'roseofulvus']"
"['Streptomyces', 'daliensis']","['Streptomyces', 'griseoflavus']"
"['Streptomyces', 'daliensis']","['Streptomyces', 'violaceoruber']"
"['Streptomyces', 'daliensis']","['Streptomyces', 'lusitanus']"
"['Streptomyces', 'daliensis']","['Streptomyces', 'sp.', 'JP95']"
"['Streptomyces', 'daliensis']","['Streptomyces', 'sp.', '2238-SVT4']"
"['Streptomyces', 'daliensis']","['Streptomyces', 'griseoruber']"
"['Streptomyces', 'daliensis']","['Streptomyces', 'venezuelae', 'ATCC', '10712']"
"['Streptomyces', 'daliensis']","['Streptomyces', 'sp.', 'W007']"
"['Streptomyces', 'daliensis']","['Streptomyces', 'murayamaensis']"
"['Streptomyces', 'daliensis']","['Streptomyces', 'sanglieri']"
"['Streptomyces', 'daliensis']","['Streptomyces', 'rishiriensis']"
"['Streptomyces', 'daliensis']","['Streptomyces', 'cyanogenus']"
"['Streptomyces', 'daliensis']","['Streptomyces', 'tendae']"
"['Streptomyces', 'daliensis']","['Streptomyces', 'sp.', 'AM-7161']"
"['Streptomyces', 'daliensis']","['Streptomyces', 'argillaceus']"
"['Streptomyces', 'daliensis']","['Streptomyces', 'arenae']"
"['Streptomyces', 'daliensis']","['Streptomyces', 'nogalater']"
"['Streptomyces', 'daliensis']","['Streptomyces', 'rimosus']"
"['Streptomyces', 'daliensis']","['Streptomyces', 'griseoviridis']"
"['Streptomyces', 'daliensis']","['Streptomyces', 'sp.', 'R1128']"
"['Streptomyces', 'daliensis']","['Streptomyces', 'sp.', 'PGA64']"
"['Streptomyces', 'daliensis']","['Streptomyces', 'ravidus']"
"['Streptomyces', 'daliensis']","['Streptomyces', 'resistomycificus']"
"['Streptomyces', 'daliensis']","['Streptomyces', 'purpurascens']"
"['Streptomyces', 'daliensis']","['Streptomyces', 'collinus']"
"['Streptomyces', 'daliensis']","['Streptomyces', 'sp.', 'SCC', '2136']"
"['Streptomyces', 'daliensis']","['Streptomyces', 'sp.', 'SF2575']"
"['Streptomyces', 'daliensis']","['Streptomyces', 'steffisburgensis']"
"['Streptomyces', 'daliensis']","['Streptomyces', 'glaucescens']"
"['Streptomyces', 'daliensis']","['Streptomyces', 'flavogriseus']"
"['Streptomyces', 'daliensis']","['Streptomyces', 'griseus', 'subsp.', 'griseus', 'NBRC', '13350']"
"['Streptomyces', 'daliensis']","['Streptomyces', 'sp.', 'KO-3988']"
"['Streptomyces', 'daliensis']","['Streptomyces', 'sp.', 'SANK', '62799']"
"['Streptomyces', 'daliensis']","['Streptomyces', 'toyocaensis']"
"['Streptomyces', 'daliensis']","['Streptomyces', 'anulatus']"
"['Streptomyces', 'daliensis']","['Streptomyces', 'sp.', 'AA4']"
"['Streptomyces', 'daliensis']","['Streptomyces', 'refuineus', 'subsp.', 'thermotolerans']"
"['Streptomyces', 'daliensis']","['Streptomyces', 'filamentosus', 'NRRL', '11379']"
"['Streptomyces', 'daliensis']","['Streptomyces', 'clavuligerus', 'ATCC', '27064']"
"['Streptomyces', 'daliensis']","['Streptomyces', 'lavendulae']"
"['Streptomyces', 'daliensis']","['Streptomyces', 'fungicidicus']"
"['Streptomyces', 'daliensis']","['Streptomyces', 'sp.', 'MA6548']"
"['Streptomyces', 'daliensis']","['Streptomyces', 'sp.', 'L-49973']"
"['Streptomyces', 'daliensis']","['Streptomyces', 'sp.', 'NRRL', 'F-4415']"
"['Streptomyces', 'daliensis']","['Streptomyces', 'sp.', 'ATCC', '700974']"
"['Streptomyces', 'daliensis']","['Streptomyces', 'chromofuscus']"
"['Streptomyces', 'daliensis']","['Streptomyces', 'sp.', 'Sp080513GE-23']"
"['Streptomyces', 'daliensis']","['Streptomyces', 'viridochromogenes']"
"['Streptomyces', 'daliensis']","['Streptomyces', 'toxytricini']"
"['Streptomyces', 'daliensis']","['Streptomyces', 'albus', 'subsp.', 'albus']"
"['Streptomyces', 'daliensis']","['Streptomyces', 'melanovinaceus']"
"['Streptomyces', 'daliensis']","['Streptomyces', 'griseovariabilis', 'subsp.', 'bandungensis']"
"['Streptomyces', 'daliensis']","['Streptomyces', 'scabiei', '87.22']"
"['Streptomyces', 'daliensis']","['Streptomyces', 'sp.', 'Acta', '2897']"
"['Streptomyces', 'daliensis']","['Streptomyces', 'filamentosus', 'NRRL', '15998']"
"['Streptomyces', 'daliensis']","['Streptomyces', 'sp.', 'SNA15896']"
"['Streptomyces', 'daliensis']","['Streptomyces', 'turgidiscabies', 'Car8']"
"['Streptomyces', 'daliensis']","['Streptomyces', 'achromogenes']"
"['Streptomyces', 'daliensis']","['Streptomyces', 'triostinicus']"
"['Streptomyces', 'daliensis']","['Streptomyces', 'tsusimaensis']"
"['Streptomyces', 'daliensis']","['Streptomyces', 'vinaceus']"
"['Streptomyces', 'daliensis']","['Streptomyces', 'sp.', 'TP-A2060']"
"['Streptomyces', 'daliensis']","['Streptomyces', 'bottropensis']"
"['Streptomyces', 'daliensis']","['Streptomyces', 'sp.', 'BC16019']"
"['Streptomyces', 'daliensis']","['Streptomyces', 'sp.', 'WMMB', '272']"
"['Streptomyces', 'daliensis']","['Streptomyces', 'cinnamoneus']"
"['Streptomyces', 'daliensis']","['Streptomyces', 'viridochromogenes', 'DSM', '40736']"
"['Streptomyces', 'daliensis']","['Streptomyces', 'albidoflavus']"
"['Streptomyces', 'daliensis']","['Streptomyces', 'sp.', 'TP-A0584']"
"['Streptomyces', 'daliensis']","['Streptomyces', 'sviceus', 'ATCC', '29083']"
"['Streptomyces', 'daliensis']","['Streptomyces', 'sp.', 'OH-4156']"
"['Streptomyces', 'daliensis']","['Streptomyces', 'lividans', 'TK24']"
"['Streptomyces', 'daliensis']","['Streptomyces', 'sp.', 'e14']"
"['Streptomyces', 'daliensis']","['Streptomyces', 'diastatochromogenes', 'TÃ¼6028']"
"['Streptomyces', 'daliensis']","['Streptomyces', 'sp.', 'ATCC', '55365']"
"['Streptomyces', 'daliensis']","['Streptomyces', 'lactacystinaeus']"
"['Streptomyces', 'daliensis']","['Streptomyces', 'actuosus']"
"['Streptomyces', 'daliensis']","['Streptomyces', 'sioyaensis']"
"['Streptomyces', 'daliensis']","['Streptomyces', 'laurentii']"
"['Streptomyces', 'daliensis']","['Streptomyces', 'olivoviridis']"
"['Streptomyces', 'daliensis']","['Streptomyces', 'argenteolus']"
"['Streptomyces', 'daliensis']","['Streptomyces', 'sp.', 'CNQ525']"
"['Streptomyces', 'daliensis']","['Streptomyces', 'sp.', 'Tu6071']"
"['Streptomyces', 'daliensis']","['Streptomyces', 'sp.', 'HKI0576']"
"['Streptomyces', 'daliensis']","['Streptomyces', 'sp.', 'SCSIO', '02999']"
"['Streptomyces', 'daliensis']","['Streptomyces', 'melanosporofaciens']"
"['Streptomyces', 'daliensis']","['Streptomyces', 'hygroscopicus', 'subsp.', 'hygroscopicus']"
"['Streptomyces', 'daliensis']","['Streptomyces', 'tenjimariensis']"
"['Streptomyces', 'daliensis']","['Streptomyces', 'hygroscopicus', 'subsp.', 'yingchengensis']"
"['Streptomyces', 'daliensis']","['Streptomyces', 'kanamyceticus']"
"['Streptomyces', 'daliensis']","['Streptomyces', 'kasugaensis']"
"['Streptomyces', 'daliensis']","['Streptomyces', 'lividus']"
"['Streptomyces', 'daliensis']","['Streptomyces', 'fradiae', 'ATCC', '10745', '=', 'DSM', '40063']"
"['Streptomyces', 'daliensis']","['Streptomyces', 'rimosus', 'subsp.', 'paromomycinus']"
"['Streptomyces', 'daliensis']","['Streptomyces', 'ribosidificus']"
"['Streptomyces', 'daliensis']","['Streptomyces', 'spectabilis']"
"['Streptomyces', 'daliensis']","['Streptomyces', 'netropsis']"
"['Streptomyces', 'daliensis']","['Streptomyces', 'hygroscopicus', 'subsp.', 'jinggangensis']"
"['Streptomyces', 'daliensis']","['Streptomyces', 'hygroscopicus', 'subsp.', 'limoneus']"
"['Streptomyces', 'daliensis']","['Streptomyces', 'coelicoflavus', 'ZG0656']"
"['Streptomyces', 'daliensis']","['Streptomyces', 'viridosporus', 'ATCC', '14672']"
"['Streptomyces', 'daliensis']","['Streptomyces', 'griseofuscus']"
"['Streptomyces', 'daliensis']","['Streptomyces', 'sp.', 'TP-A0274']"
"['Streptomyces', 'daliensis']","['Streptomyces', 'roseochromogenus', 'subsp.', 'oscitans', 'DS', '12.976']"
"['Streptomyces', 'daliensis']","['Streptomyces', 'niveus']"
"['Streptomyces', 'daliensis']","['Streptomyces', 'clavuligerus']"
"['Streptomyces', 'daliensis']","['Streptomyces', 'cattleya']"
"['Streptomyces', 'daliensis']","['Streptomyces', 'acidiscabies']"
"['Streptomyces', 'daliensis']","['Streptomyces', 'sp.', 'SANK', '60405']"
"['Streptomyces', 'daliensis']","['Streptomyces', 'cacaoi', 'subsp.', 'asoensis']"
"['Streptomyces', 'daliensis']","['Streptomyces', 'alboniger']"
"['Streptomyces', 'daliensis']","['Streptomyces', 'ahygroscopicus', 'subsp.', 'wuzhouensis']"
"['Streptomyces', 'daliensis']","['Streptomyces', 'rimofaciens']"
"['Streptomyces', 'daliensis']","['Streptomyces', 'arginensis']"
"['Streptomyces', 'daliensis']","['Streptomyces', 'tsukubensis']"
"['Streptomyces', 'daliensis']","['Streptomyces', 'sp.', 'WK-5344']"
"['Streptomyces', 'daliensis']","['Streptomyces', 'lavendulae', 'subsp.', 'lavendulae']"
"['Streptomyces', 'daliensis']","['Streptomyces', 'luridus']"
"['Streptomyces', 'daliensis']","['Streptomyces', 'narbonensis']"
"['Streptomyces', 'daliensis']","['Streptomyces', 'rubellomurinus']"
"['Streptomyces', 'daliensis']","['Streptomyces', 'lincolnensis']"
"['Streptomyces', 'daliensis']","['Streptomyces', 'xiamenensis']"
"['Streptomyces', 'daliensis']","['Streptomyces', 'sp.', 'WM6372']"
"['Streptomyces', 'daliensis']","['Streptomyces', 'sp.', 'DSM', '5940']"
"['Streptomyces', 'daliensis']","['Streptomyces', 'coeruleorubidus']"
"['Streptomyces', 'daliensis']","['Streptomyces', 'vinaceusdrappus']"
"['Streptomyces', 'daliensis']","['Streptomyces', 'sp.', 'XZQH13']"
"['Streptomyces', 'daliensis']","['Streptomyces', 'sp.', 'S4']"
"['Streptomyces', 'daliensis']","['Streptomyces', 'sahachiroi']"
"['Streptomyces', 'daliensis']","['Streptomyces', 'verticillus']"
"['Streptomyces', 'daliensis']","['Streptomyces', 'globisporus']"
"['Streptomyces', 'daliensis']","['Streptomyces', 'cinnabarigriseus']"
"['Streptomyces', 'daliensis']","['Streptomyces', 'sp.', 'CS40']"
"['Streptomyces', 'daliensis']","['Streptomyces', 'hygroscopicus', 'subsp.', 'ascomyceticus']"
"['Streptomyces', 'daliensis']","['Streptomyces', 'sp.', 'SPB78']"
"['Streptomyces', 'daliensis']","['Streptomyces', 'sp.', 'K01-0509']"
"['Streptomyces', 'daliensis']","['Streptomyces', 'roseoverticillatus']"
"['Streptomyces', 'daliensis']","['Streptomyces', 'sp.', 'SCSIO', '01127']"
"['Streptomyces', 'daliensis']","['Streptomyces', 'sp.', 'NRRL', '30748']"
"['Streptomyces', 'daliensis']","['Streptomyces', 'sp.', 'NRRL', '30471']"
"['Streptomyces', 'daliensis']","['Streptomyces', 'sp.', 'MK498-98F14']"
"['Streptomyces', 'daliensis']","['Streptomyces', 'pyridomyceticus']"
"['Streptomyces', 'daliensis']","['Streptomyces', 'rapamycinicus', 'NRRL', '5491']"
"['Streptomyces', 'daliensis']","['Streptomyces', 'flaveolus']"
"['Streptomyces', 'daliensis']","['Streptomyces', 'lydicus']"
"['Streptomyces', 'daliensis']","['Streptomyces', 'sp.', '307-9']"
"['Streptomyces', 'daliensis']","['Streptomyces', 'flavoviridis']"
"['Streptomyces', 'daliensis']","['Streptomyces', 'diastatochromogenes']"
"['Streptomyces', 'daliensis']","['Streptomyces', 'collinus', 'Tu', '365']"
"['Streptomyces', 'daliensis']","['Streptomyces', 'sp.', 'SN-1061M']"
"['Streptomyces', 'daliensis']","['Streptomyces', 'sp.', 'CNH189']"
"['Streptomyces', 'daliensis']","['Streptomyces', 'blastmyceticus']"
"['Streptomyces', 'daliensis']","['Streptomyces', 'atroolivaceus']"
"['Streptomyces', 'daliensis']","['Streptomyces', 'virginiae']"
"['Streptomyces', 'daliensis']","['Streptomyces', 'mobaraensis', 'NBRC', '13819', '=', 'DSM', '40847']"
"['Streptomyces', 'daliensis']","['Streptomyces', 'sp.', 'NRRL', 'WC-3908']"
"['Streptomyces', 'daliensis']","['Streptomyces', 'cirratus']"
"['Streptomyces', 'daliensis']","['Streptomyces', 'sp.', 'CNQ-418']"
"['Streptomyces', 'daliensis']","['Streptomyces', 'lividans', '1326']"
"['Streptomyces', 'daliensis']","['Streptomyces', 'sp.', 'SCSIO', '03032']"
"['Streptomyces', 'daliensis']","['Streptomyces', 'sp.', 'CNH-287']"
"['Streptomyces', 'daliensis']","['Streptomyces', 'sp.', 'FXJ7.023']"
"['Streptomyces', 'daliensis']","['Streptomyces', 'sp.', 'CT34']"
"['Streptomyces', 'daliensis']","['Streptomyces', 'scabrisporus']"
"['Streptomyces', 'daliensis']","['Streptomyces', 'scopuliridis']"
"['Streptomyces', 'daliensis']","['Streptomyces', 'sp.', 'NBRC', '109706']"
"['Streptomyces', 'daliensis']","['Streptomyces', 'versipellis']"
"['Streptomyces', 'daliensis']","['Streptomyces', 'sp.', 'Tu', '6176']"
"['Streptomyces', 'daliensis']","['Streptomyces', 'drozdowiczii']"
"['Streptomyces', 'daliensis']","['Streptomyces', 'conglobatus']"
"['Streptomyces', 'daliensis']","['Streptomyces', 'sp.', 'CNQ431']"
"['Streptomyces', 'daliensis']","['Streptomyces', 'qinglanensis']"
"['Streptomyces', 'daliensis']","['Streptomyces', 'sp.', 'CNQ-509']"
"['Streptomyces', 'daliensis']","['Streptomyces', 'bingchenggensis', 'BCW-1']"
"['Streptomyces', 'daliensis']","['Streptomyces', 'sp.', 'CNB091']"
"['Streptomyces', 'daliensis']","['Streptomyces', 'sp.', 'DSM', '11171']"
"['Streptomyces', 'daliensis']","['Streptomyces', 'afghaniensis']"
"['Streptomyces', 'daliensis']","['Streptomyces', 'leeuwenhoekii']"
"['Streptomyces', 'daliensis']","['Streptomyces', 'sp.', 'NRRL', '12068']"
"['Streptomyces', 'daliensis']","['Streptomyces', 'sp.', 'NCIB', '11649']"
"['Streptomyces', 'daliensis']","['Streptomyces', 'sp.', 'MBT28']"
"['Streptomyces', 'daliensis']","['Streptomyces', 'cremeus']"
"['Streptomyces', 'daliensis']","['Streptomyces', 'sp.', 'MSC090213JE08']"
"['Streptomyces', 'daliensis']","['Streptomyces', 'calvus']"
"['Streptomyces', 'daliensis']","['Streptomyces', 'sp.', 'CNH365']"
"['Streptomyces', 'daliensis']","['Streptomyces', 'sp.', 'T676']"
"['Streptomyces', 'daliensis']","['Streptomyces', 'lomondensis']"
"['Streptomyces', 'daliensis']","['Streptomyces', 'lilacinus']"
"['Streptomyces', 'daliensis']","['Streptomyces', 'sp.', 'MspMP-M5']"
"['Streptomyces', 'daliensis']","['Streptomyces', 'uncialis']"
"['Streptomyces', 'daliensis']","['Streptomyces', 'varsoviensis']"
"['Streptomyces', 'daliensis']","['Streptomyces', 'sp.', 'FJS31-2']"
"['Streptomyces', 'daliensis']","['Streptomyces', 'sp.', 'NRRL', 'F-4474']"
"['Streptomyces', 'daliensis']","['Streptomyces', 'albogriseolus']"
"['Streptomyces', 'daliensis']","['Streptomyces', 'sp.', 'CB03234']"
"['Streptomyces', 'daliensis']","['Streptomyces', 'luteocolor']"
"['Streptomyces', 'daliensis']","['Streptomyces', 'sp.', 'TK08046']"
"['Streptomyces', 'daliensis']","['Streptomyces', 'sp.', 'RI-77']"
"['Streptomyces', 'daliensis']","['Streptomyces', 'sp.', 'A1(2016)']"
"['Streptomyces', 'daliensis']","['Streptomyces', 'globisporus', 'C-1027']"
"['Streptomyces', 'daliensis']","['Streptomyces', 'canus']"
"['Streptomyces', 'daliensis']","['Streptomyces', 'minoensis']"
"['Streptomyces', 'daliensis']","['Streptomyces', 'muensis']"
"['Streptomyces', 'daliensis']","['Streptomyces', 'sp.', 'ZJ306']"
"['Streptomyces', 'daliensis']","['Streptomyces', 'sp.', 'CS057']"
"['Streptomyces', 'daliensis']","['Streptomyces', 'sp.', 'CS113']"
"['Streptomyces', 'daliensis']","['Streptomyces', 'sp.', 'strain', 'ATCC', '14903']"
"['Streptomyces', 'daliensis']","['Streptomyces', 'sp.', 'NTK', '937']"
"['Streptomyces', 'daliensis']","['Streptomyces', 'sp.', 'CS149']"
"['Streptomyces', 'daliensis']","['Streptomyces', 'caniferus']"
"['Streptomyces', 'daliensis']","['Streptomyces', 'bernensis']"
"['Streptomyces', 'daliensis']","['Streptomyces', 'tateyamensis']"
"['Streptomyces', 'daliensis']","['Streptomyces', 'sp.', 'ID38640']"
"['Streptomyces', 'daliensis']","['Streptomyces', 'sp.', 'RM-5-8']"
"['Streptomyces', 'daliensis']","['Streptomyces', 'cyaneofuscatus']"
"['Streptomyces', 'daliensis']","['Streptomyces', 'sp.', 'LC-6-2']"
"['Streptomyces', 'daliensis']","['Streptomyces', 'achromogenes', 'subsp.', 'achromogenes']"
"['Streptomyces', 'daliensis']","['Streptomyces', 'sp.', 'NRRL', 'S-146']"
"['Streptomyces', 'daliensis']","['Streptomyces', 'hygrospinosus']"
"['Streptomyces', 'daliensis']","['Streptomyces', 'citricolor']"
"['Streptomyces', 'daliensis']","['Streptomyces', 'aurantiacus', 'JA', '4570']"
"['Streptomyces', 'daliensis']","['Streptomyces', 'filamentosus']"
"['Streptomyces', 'daliensis']","['Streptomyces', 'sp.', '211726']"
"['Streptomyces', 'daliensis']","['Streptomyces', 'sp.', 'RI18']"
"['Streptomyces', 'daliensis']","['Streptomyces', 'sp.', 'NBRC', '110030']"
"['Streptomyces', 'daliensis']","['Streptomyces', 'cattleya', 'NRRL', '8057', '=', 'DSM', '46488']"
"['Streptomyces', 'daliensis']","['Streptomyces', 'zelensis']"
"['Streptomyces', 'daliensis']","['Streptomyces', 'albulus']"
"['Streptomyces', 'daliensis']","['Streptomyces', 'katrae']"
"['Streptomyces', 'daliensis']","['Streptomyces', 'sp.', 'JV178']"
"['Streptomyces', 'daliensis']","['Streptomyces', 'sp.', 'CNT302']"
"['Streptomyces', 'daliensis']","['Streptomyces', 'curacoi']"
"['Streptomyces', 'daliensis']","['Streptomyces', 'sp.', 'SCSIO', '1666']"
"['Streptomyces', 'daliensis']","['Streptomyces', 'sp.', 'CB02366']"
"['Streptomyces', 'daliensis']","['Streptomyces', 'sp.', 'KY5']"
"['Streptomyces', 'daliensis']","['Streptomyces', 'lunaelactis']"
"['Streptomyces', 'daliensis']","['Streptomyces', 'ficellus']"
"['Streptomyces', 'daliensis']","['Streptomyces', 'sp.', 'NRRL', 'B-1347']"
"['Streptomyces', 'daliensis']","['Streptomyces', 'sp.', 'CB01883']"
"['Streptomyces', 'daliensis']","['Streptomyces', 'sp.', 'WAC2288']"
"['Streptomyces', 'daliensis']","['Streptomyces', 'atratus']"
"['Streptomyces', 'daliensis']","['Streptomyces', 'sp.', 'NRRL', 'F-5702']"
"['Streptomyces', 'daliensis']","['Streptomyces', 'sp.', 'NRRL', 'S-118']"
"['Streptomyces', 'daliensis']","['Streptomyces', 'sp.', 'MP131-18']"
"['Streptomyces', 'daliensis']","['Streptomyces', 'sp.', 'ICBB', '8177']"
"['Streptomyces', 'daliensis']","['Streptomyces', 'mirabilis']"
"['Streptomyces', 'daliensis']","['Streptomyces', 'gilvosporeus']"
"['Streptomyces', 'daliensis']","['Streptomyces', 'koyangensis']"
"['Streptomyces', 'daliensis']","['Streptomyces', 'sp.', 'IMB7-145']"
"['Streptomyces', 'daliensis']","['Streptomyces', 'paulus']"
"['Streptomyces', 'daliensis']","['Streptomyces', 'sp.', 'YN86']"
"['Streptomyces', 'daliensis']","['Streptomyces', 'sp.', 'NRRL', 'F-525']"
"['Streptomyces', 'daliensis']","['Candidatus', 'Streptomyces', 'philanthi', 'bv.', 'triangulum']"
"['Streptomyces', 'daliensis']","['Streptomyces', 'pristinaespiralis', 'ATCC', '25486']"
"['Streptomyces', 'daliensis']","['Streptomyces', 'sp.', 'MBT76']"
"['Streptomyces', 'daliensis']","['Streptomyces', 'globisporus', 'subsp.', 'globisporus']"
"['Streptomyces', 'daliensis']","['Streptomyces', 'rimosus', 'subsp.', 'rimosus', 'ATCC', '10970']"
"['Streptomyces', 'daliensis']","['Streptomyces', 'sp.', 'KIB-H033']"
"['Streptomyces', 'daliensis']","['Streptomyces', 'sp.', 'SoC090715LN-17']"
"['Streptomyces', 'daliensis']","['Streptomyces', 'sp.', 'SD85']"
"['Streptomyces', 'daliensis']","['Streptomyces', 'sclerotialus']"
"['Streptomyces', 'daliensis']","['Streptomyces', 'fimbriatus']"
"['Streptomyces', 'daliensis']","['Streptomyces', 'showdoensis']"
"['Streptomyces', 'daliensis']","['Streptomyces', 'flocculus']"
"['Streptomyces', 'daliensis']","['Streptomyces', 'seoulensis']"
"['Streptomyces', 'daliensis']","['Streptomyces', 'malaysiense']"
"['Streptomyces', 'daliensis']","['Streptomyces', 'sp.', 'NRRL', 'WC-3703']"
"['Streptomyces', 'daliensis']","['Streptomyces', 'sp.', 'KCB13F003']"
"['Streptomyces', 'daliensis']","['Streptomyces', 'sp.', 'SANK', '60404']"
"['Streptomyces', 'daliensis']","['Streptomyces', 'sp.', 'CB02120-2']"
"['Streptomyces', 'daliensis']","['Streptomyces', 'sp.', 'CBMAI', '2042']"
"['Streptomyces', 'daliensis']","['Streptomyces', 'sp.', 'F001']"
"['Streptomyces', 'daliensis']","['Streptomyces', 'erythrochromogenes']"
"['Streptomyces', 'daliensis']","['Streptomyces', 'sp.', 'NRRL', 'S-378']"
"['Streptomyces', 'daliensis']","['Streptomyces', 'sp.', 'ISID311']"
"['Streptomyces', 'daliensis']","['Streptomyces', 'sp.', 'NRRL', 'F-4335']"
"['Streptomyces', 'daliensis']","['Streptomyces', 'sp.', 'CB09001']"
"['Streptomyces', 'daliensis']","['Streptomyces', 'luteoverticillatus']"
"['Streptomyces', 'daliensis']","['Streptomyces', 'sp.', 'MA37']"
"['Streptomyces', 'daliensis']","['Streptomyces', 'somaliensis']"
"['Streptomyces', 'daliensis']","['Streptomyces', 'cyslabdanicus']"
"['Streptomyces', 'daliensis']","['Streptomyces', 'nigrescens']"
"['Streptomyces', 'daliensis']","['Streptomyces', 'sp.', 'SoC090715LN-16']"
"['Streptomyces', 'daliensis']","['Streptomyces', 'armeniacus']"
"['Streptomyces', 'daliensis']","['Streptomyces', 'tubercidicus']"
"['Streptomyces', 'daliensis']","['Streptomyces', 'miharaensis']"
"['Streptomyces', 'daliensis']","['Streptomyces', 'novoguineensis']"
"['Streptomyces', 'daliensis']","['Streptomyces', 'hiroshimensis']"
"['Streptomyces', 'daliensis']","['Streptomyces', 'albus', 'subsp.', 'chlorinus']"
"['Streptomyces', 'daliensis']","['Streptomyces', 'hawaiiensis']"
"['Streptomyces', 'daliensis']","['Streptomyces', 'candidus']"
"['Streptomyces', 'daliensis']","['Streptomyces', 'chrestomyceticus']"
"['Streptomyces', 'daliensis']","['Streptomyces', 'afghaniensis', '772']"
"['Streptomyces', 'daliensis']","['Streptomyces', 'sp.', 'ZS0098']"
"['Streptomyces', 'daliensis']","['Streptomyces', 'sp.', 'QL37']"
"['Streptomyces', 'daliensis']","['Streptomyces', 'sp.', 'S816']"
"['Streptomyces', 'daliensis']","['Streptomyces', 'sp.', 'IB2014', '016-6']"
"['Lactobacillus', 'helsingborgensis']","['Lactobacillus', 'plantarum']"
"['Lactobacillus', 'helsingborgensis']","['Lactobacillus', 'acidophilus']"
"['Lactobacillus', 'helsingborgensis']","['Lactobacillus', 'gasseri']"
"['Lactobacillus', 'helsingborgensis']","['Lactobacillus', 'sakei']"
"['Lactobacillus', 'helsingborgensis']","['Lactobacillus', 'salivarius']"
"['Lactobacillus', 'helsingborgensis']","['Lactobacillus', 'paragasseri', 'JV-V03']"
"['Lactobacillus', 'helsingborgensis']","['Lactobacillus', 'johnsonii']"
"['Lactobacillus', 'helsingborgensis']","['Lactobacillus', 'rhamnosus', 'GG']"
"['Lactobacillus', 'helsingborgensis']","['Lactobacillus', 'plantarum', 'subsp.', 'plantarum']"
"['Legionella', 'rowbothamii']","['Legionella', 'parisiensis']"
"['Legionella', 'rowbothamii']","['Legionella', 'pneumophila']"
"['Mycobacterium', 'obuense']","['Mycobacterium', 'ulcerans', 'Agy99']"
"['Mycobacterium', 'obuense']","['Mycobacterium', 'avium']"
"['Mycobacterium', 'obuense']","['Mycobacterium', 'avium', 'subsp.', 'hominissuis', 'A5']"
"['Mycobacterium', 'obuense']","['Mycobacterium', 'tuberculosis', 'H37Rv']"
"['Mycobacterium', 'obuense']","['Mycobacterium', 'marinum', 'M']"
"['Streptococcus', 'massiliensis']","['Streptococcus', 'equi', 'subsp.', 'equi']"
"['Streptococcus', 'massiliensis']","['Streptococcus', 'uberis']"
"['Streptococcus', 'massiliensis']","['Streptococcus', 'ratti']"
"['Streptococcus', 'massiliensis']","['Streptococcus', 'equinus']"
"['Streptococcus', 'massiliensis']","['Streptococcus', 'macedonicus']"
"['Streptococcus', 'massiliensis']","['Streptococcus', 'mutans', 'N66']"
"['Streptococcus', 'massiliensis']","['Streptococcus', 'mutans']"
"['Streptococcus', 'massiliensis']","['Streptococcus', 'salivarius']"
"['Streptococcus', 'massiliensis']","['Streptococcus', 'pyogenes']"
"['Streptococcus', 'massiliensis']","['Streptococcus', 'thermophilus']"
"['Streptococcus', 'massiliensis']","['Streptococcus', 'pyogenes', 'M1', 'GAS']"
"['Streptococcus', 'massiliensis']","['Streptococcus', 'agalactiae']"
"['Streptococcus', 'massiliensis']","['Streptococcus', 'thermophilus', 'LMD-9']"
"['Streptococcus', 'massiliensis']","['Streptococcus', 'suis']"
"['Streptococcus', 'massiliensis']","['Streptococcus', 'ferus']"
"['Sorangium', 'cellulosum']","['Sorangium', 'cellulosum']"
"['Sorangium', 'cellulosum']","['Sorangium', 'cellulosum', 'So', 'ce56']"
"['Sorangium', 'cellulosum']","['Sorangium', 'cellulosum', 'So0157-2']"
"['Legionella', 'taurinensis']","['Legionella', 'parisiensis']"
"['Legionella', 'taurinensis']","['Legionella', 'pneumophila']"
"['Brevibacillus', 'fulvus']","['Brevibacillus', 'laterosporus', 'PE36']"
"['Brevibacillus', 'fulvus']","['Brevibacillus', 'brevis', 'NBRC', '100599']"
"['Brevibacillus', 'fulvus']","['Brevibacillus', 'sp.', 'Leaf182']"
"['Brevibacillus', 'fulvus']","['Brevibacillus', 'laterosporus']"
"['Brevibacillus', 'fulvus']","['Brevibacillus', 'laterosporus', 'DSM', '25']"
"['Cystobacter', 'badius']","['Cystobacter', 'fuscus']"
"['Cystobacter', 'badius']","['Cystobacter', 'sp.', 'SBCb004']"
"['Cystobacter', 'badius']","['Cystobacter', 'sp.', 'Cbv34']"
"['Cystobacter', 'badius']","['Cystobacter', 'sp.']"
"['Nannocystis', 'exedens']","['Nannocystis', 'pusilla']"
"['Nannocystis', 'exedens']","['Nannocystis', 'sp.', 'MB1016']"
"(['Chondromyces', 'robustus'], ['Chondromyces', 'crocatus'])","(['Chondromyces', 'robustus'], ['Chondromyces', 'crocatus'])","(['Chondromyces', 'robustus'], ['Chondromyces', 'crocatus'])","(['Chondromyces', 'robustus'], ['Chondromyces', 'crocatus'])","(['Chondromyces', 'robustus'], ['Chondromyces', 'crocatus'])","(['Chondromyces', 'robustus'], ['Chondromyces', 'crocatus'])","(['Chondromyces', 'robustus'], ['Chondromyces', 'crocatus'])","(['Chondromyces', 'robustus'], ['Chondromyces', 'crocatus'])","(['Paenibacillus', 'tarimensis'], ['Paenibacillus', 'sp.', 'OSY-SE'])","(['Paenibacillus', 'tarimensis'], ['Paenibacillus', 'elgii', 'B69'])","(['Paenibacillus', 'tarimensis'], ['Paenibacillus', 'larvae', 'subsp.', 'larvae', 'DSM', '25430'])","(['Paenibacillus', 'tarimensis'], ['Paenibacillus', 'elgii'])","(['Paenibacillus', 'tarimensis'], ['Paenibacillus', 'polymyxa'])","(['Paenibacillus', 'tarimensis'], ['Paenibacillus', 'larvae'])","(['Paenibacillus', 'tarimensis'], ['Paenibacillus', 'terrae'])","(['Paenibacillus', 'tarimensis'], ['Paenibacillus', 'polymyxa', 'OSY-DF'])","(['Paenibacillus', 'tarimensis'], ['Paenibacillus', 'polymyxa'])","(['Paenibacillus', 'tarimensis'], ['Paenibacillus', 'terrae'])","(['Paenibacillus', 'tarimensis'], ['Paenibacillus', 'alvei'])","(['Paenibacillus', 'tarimensis'], ['Paenibacillus', 'larvae', 'subsp.', 'larvae', 'DSM', '25430'])","(['Paenibacillus', 'tarimensis'], ['Paenibacillus', 'polymyxa'])","(['Paenibacillus', 'tarimensis'], ['Paenibacillus', 'polymyxa'])","(['Paenibacillus', 'tarimensis'], ['Paenibacillus', 'alvei'])","(['Paenibacillus', 'tarimensis'], ['Paenibacillus', 'alvei'])","(['Paenibacillus', 'tarimensis'], ['Paenibacillus', 'ehimensis'])","(['Paenibacillus', 'tarimensis'], ['Paenibacillus', 'dendritiformis', 'C454'])","(['Paenibacillus', 'tarimensis'], ['Paenibacillus', 'polymyxa', 'E681'])","(['Paenibacillus', 'tarimensis'], ['Paenibacillus', 'polymyxa', 'E681'])","(['Paenibacillus', 'tarimensis'], ['Paenibacillus', 'polymyxa', 'E681'])","(['Cystobacter', 'badius'], ['Cystobacter', 'fuscus'])","(['Cystobacter', 'badius'], ['Cystobacter', 'fuscus'])","(['Cystobacter', 'badius'], ['Cystobacter', 'fuscus'])","(['Cystobacter', 'badius'], ['Cystobacter', 'fuscus'])","(['Cystobacter', 'badius'], ['Cystobacter', 'fuscus'])","(['Cystobacter', 'badius'], ['Cystobacter', 'sp.', 'SBCb004'])","(['Cystobacter', 'badius'], ['Cystobacter', 'sp.', 'SBCb004'])","(['Cystobacter', 'badius'], ['Cystobacter', 'sp.', 'SBCb004'])","(['Cystobacter', 'badius'], ['Cystobacter', 'sp.', 'SBCb004'])","(['Cystobacter', 'badius'], ['Cystobacter', 'sp.', 'SBCb004'])","(['Cystobacter', 'badius'], ['Cystobacter', 'sp.', 'SBCb004'])","(['Cystobacter', 'badius'], ['Cystobacter', 'sp.', 'SBCb004'])","(['Cystobacter', 'badius'], ['Cystobacter', 'sp.', 'SBCb004'])","(['Cystobacter', 'badius'], ['Cystobacter', 'sp.', 'SBCb004'])","(['Cystobacter', 'badius'], ['Cystobacter', 'sp.', 'Cbv34'])","(['Cystobacter', 'badius'], ['Cystobacter', 'sp.'])","(['Cystobacter', 'badius'], ['Cystobacter', 'sp.'])","(['Cystobacter', 'badius'], ['Cystobacter', 'sp.'])","(['Cystobacter', 'badius'], ['Cystobacter', 'sp.'])","(['Cystobacter', 'badius'], ['Cystobacter', 'sp.'])","(['Clostridium', 'cellulosi'], ['Clostridium', 'beijerinckii'])","(['Clostridium', 'cellulosi'], ['Clostridium', 'botulinum', 'A', 'str.', 'ATCC', '3502'])","(['Clostridium', 'cellulosi'], ['Clostridium', 'sporogenes', 'ATCC', '15579'])","(['Clostridium', 'cellulosi'], ['Clostridium', 'sp.', 'CAG:567'])","(['Clostridium', 'hylemonae'], ['Clostridium', 'beijerinckii'])","(['Clostridium', 'hylemonae'], ['Clostridium', 'botulinum', 'A', 'str.', 'ATCC', '3502'])","(['Clostridium', 'hylemonae'], ['Clostridium', 'sporogenes', 'ATCC', '15579'])","(['Clostridium', 'hylemonae'], ['Clostridium', 'sp.', 'CAG:567'])","(['Clostridium', 'algifaecis'], ['Clostridium', 'beijerinckii'])","(['Clostridium', 'algifaecis'], ['Clostridium', 'botulinum', 'A', 'str.', 'ATCC', '3502'])","(['Clostridium', 'algifaecis'], ['Clostridium', 'sporogenes', 'ATCC', '15579'])","(['Clostridium', 'algifaecis'], ['Clostridium', 'sp.', 'CAG:567'])","(['Nannocystis', 'exedens'], ['Nannocystis', 'pusilla'])","(['Nannocystis', 'exedens'], ['Nannocystis', 'pusilla'])","(['Nannocystis', 'exedens'], ['Nannocystis', 'pusilla'])","(['Nannocystis', 'exedens'], ['Nannocystis', 'sp.', 'MB1016'])","(['Nannocystis', 'exedens'], ['Nannocystis', 'pusilla'])","(['Haliangium', 'ochraceum'], ['Haliangium', 'ochraceum', 'DSM', '14365'])","(['Haliangium', 'ochraceum'], ['Haliangium', 'ochraceum', 'DSM', '14365'])","(['Haliangium', 'ochraceum'], ['Haliangium', 'ochraceum', 'DSM', '14365'])","(['Chondromyces', 'robustus'], ['Chondromyces', 'crocatus'])","(['Chondromyces', 'robustus'], ['Chondromyces', 'crocatus'])","(['Chondromyces', 'robustus'], ['Chondromyces', 'crocatus'])","(['Chondromyces', 'robustus'], ['Chondromyces', 'crocatus'])","(['Chondromyces', 'robustus'], ['Chondromyces', 'crocatus'])","(['Chondromyces', 'robustus'], ['Chondromyces', 'crocatus'])","(['Chondromyces', 'robustus'], ['Chondromyces', 'crocatus'])","(['Chondromyces', 'robustus'], ['Chondromyces', 'crocatus'])","(['Haliangium', 'ochraceum'], ['Haliangium', 'ochraceum', 'DSM', '14365'])","(['Acinetobacter', 'bohemicus'], ['Acinetobacter', 'baumannii'])","(['Acinetobacter', 'bohemicus'], ['Acinetobacter', 'haemolyticus'])","(['Acinetobacter', 'bohemicus'], ['Acinetobacter', 'sp.', 'ADP1'])","(['Acinetobacter', 'bohemicus'], ['Acinetobacter', 'venetianus', 'RAG-1', '=', 'CIP', '110063'])","(['Acinetobacter', 'bohemicus'], ['Acinetobacter', 'gyllenbergii', 'CIP', '110306'])","(['Acinetobacter', 'bohemicus'], ['Acinetobacter', 'baumannii'])","(['Chondromyces', 'robustus'], ['Chondromyces', 'crocatus'])","(['Chondromyces', 'robustus'], ['Chondromyces', 'crocatus'])","(['Chondromyces', 'robustus'], ['Chondromyces', 'crocatus'])","(['Chondromyces', 'robustus'], ['Chondromyces', 'crocatus'])","(['Chondromyces', 'robustus'], ['Chondromyces', 'crocatus'])","(['Chondromyces', 'robustus'], ['Chondromyces', 'crocatus'])","(['Chondromyces', 'robustus'], ['Chondromyces', 'crocatus'])","(['Chondromyces', 'robustus'], ['Chondromyces', 'crocatus'])","(['Acinetobacter', 'bohemicus'], ['Acinetobacter', 'baumannii'])","(['Acinetobacter', 'bohemicus'], ['Acinetobacter', 'haemolyticus'])","(['Acinetobacter', 'bohemicus'], ['Acinetobacter', 'sp.', 'ADP1'])","(['Acinetobacter', 'bohemicus'], ['Acinetobacter', 'venetianus', 'RAG-1', '=', 'CIP', '110063'])","(['Acinetobacter', 'bohemicus'], ['Acinetobacter', 'gyllenbergii', 'CIP', '110306'])","(['Acinetobacter', 'bohemicus'], ['Acinetobacter', 'baumannii'])","(['Bacillus', 'luteus'], ['Bacillus', 'velezensis', 'FZB42'])","(['Bacillus', 'luteus'], ['Bacillus', 'velezensis', 'FZB42'])","(['Bacillus', 'luteus'], ['Bacillus', 'subtilis', 'subsp.', 'subtilis', 'str.', '168'])","(['Bacillus', 'luteus'], ['Bacillus', 'licheniformis'])","(['Bacillus', 'luteus'], ['Bacillus', 'cereus'])","(['Bacillus', 'luteus'], ['Bacillus', 'sp.', 'NK2003'])","(['Bacillus', 'luteus'], ['Bacillus', 'licheniformis', 'DSM', '13', '=', 'ATCC', '14580'])","(['Bacillus', 'luteus'], ['Bacillus', 'subtilis', 'subsp.', 'subtilis'])","(['Bacillus', 'luteus'], ['Bacillus', 'velezensis', 'FZB42'])","(['Bacillus', 'luteus'], ['Bacillus', 'cereus'])","(['Bacillus', 'luteus'], ['Bacillus', 'cereus'])","(['Bacillus', 'luteus'], ['Bacillus', 'cereus'])","(['Bacillus', 'luteus'], ['Bacillus', 'cereus'])","(['Bacillus', 'luteus'], ['Bacillus', 'cereus'])","(['Bacillus', 'luteus'], ['Bacillus', 'cereus'])","(['Bacillus', 'luteus'], ['Bacillus', 'cereus'])","(['Bacillus', 'luteus'], ['Bacillus', 'cereus'])","(['Bacillus', 'luteus'], ['Bacillus', 'subtilis', 'subsp.', 'spizizenii'])","(['Bacillus', 'luteus'], ['Bacillus', 'subtilis'])","(['Bacillus', 'luteus'], ['Bacillus', 'halodurans', 'C-125'])","(['Bacillus', 'luteus'], ['Bacillus', 'halodurans', 'C-125'])","(['Bacillus', 'luteus'], ['Bacillus', 'licheniformis'])","(['Bacillus', 'luteus'], ['Bacillus', 'licheniformis'])","(['Bacillus', 'luteus'], ['Bacillus', 'sp.', 'HIL-Y85/54728'])","(['Bacillus', 'luteus'], ['Bacillus', 'subtilis', 'subsp.', 'subtilis', 'str.', '168'])","(['Bacillus', 'luteus'], ['Bacillus', 'subtilis', 'subsp.', 'spizizenii', 'ATCC', '6633'])","(['Bacillus', 'luteus'], ['Bacillus', 'subtilis'])","(['Bacillus', 'luteus'], ['Bacillus', 'velezensis', 'FZB42'])","(['Bacillus', 'luteus'], ['Bacillus', 'thuringiensis'])","(['Bacillus', 'luteus'], ['Bacillus', 'thuringiensis'])","(['Bacillus', 'luteus'], ['Bacillus', 'thuringiensis'])","(['Bacillus', 'luteus'], ['Bacillus', 'subtilis', 'subsp.', 'subtilis', 'str.', '168'])","(['Bacillus', 'luteus'], ['Bacillus', 'subtilis', 'subsp.', 'spizizenii', 'ATCC', '6633'])","(['Bacillus', 'luteus'], ['Bacillus', 'cereus', 'ATCC', '14579'])","(['Bacillus', 'luteus'], ['Bacillus', 'velezensis', 'FZB42'])","(['Bacillus', 'luteus'], ['Bacillus', 'coagulans'])","(['Bacillus', 'luteus'], ['Bacillus', 'megaterium'])","(['Bacillus', 'luteus'], ['Bacillus', 'thuringiensis'])","(['Bacillus', 'luteus'], ['Bacillus', 'circulans'])","(['Bacillus', 'luteus'], ['Bacillus', 'circulans'])","(['Bacillus', 'luteus'], ['Bacillus', 'circulans'])","(['Bacillus', 'luteus'], ['Bacillus', 'subtilis', 'subsp.', 'subtilis', 'str.', '168'])","(['Bacillus', 'luteus'], ['Bacillus', 'sp.', 'CS93'])","(['Bacillus', 'luteus'], ['Bacillus', 'cereus'])","(['Bacillus', 'luteus'], ['Bacillus', 'subtilis', 'subsp.', 'spizizenii', 'ATCC', '6633'])","(['Bacillus', 'luteus'], ['Bacillus', 'anthracis', 'str.', 'Ames'])","(['Bacillus', 'luteus'], ['Bacillus', 'subtilis'])","(['Bacillus', 'luteus'], ['Bacillus', 'cereus'])","(['Bacillus', 'luteus'], ['Bacillus', 'velezensis', 'FZB42'])","(['Bacillus', 'luteus'], ['Bacillus', 'velezensis', 'FZB42'])","(['Bacillus', 'luteus'], ['Bacillus', 'velezensis', 'FZB42'])","(['Bacillus', 'luteus'], ['Bacillus', 'subtilis'])","(['Bacillus', 'luteus'], ['Bacillus', 'subtilis', 'subsp.', 'spizizenii', 'ATCC', '6633'])","(['Bacillus', 'luteus'], ['Bacillus', 'pumilus', 'ATCC', '7061'])","(['Bacillus', 'luteus'], ['Bacillus', 'velezensis', 'FZB42'])","(['Bacillus', 'luteus'], ['Bacillus', 'velezensis', 'FZB42'])","(['Bacillus', 'luteus'], ['Bacillus', 'pseudomycoides', 'DSM', '12442'])","(['Bacillus', 'luteus'], ['Bacillus', 'thuringiensis', 'serovar', 'rongseni'])","(['Bacillus', 'luteus'], ['Bacillus', 'cereus', 'SJ1'])","(['Bacillus', 'luteus'], ['Bacillus', 'subtilis'])","(['Bacillus', 'luteus'], ['Bacillus', 'subtilis'])","(['Bacillus', 'luteus'], ['Bacillus', 'subtilis'])","(['Bacillus', 'luteus'], ['Bacillus', 'sp.', '2_A_57_CT2'])","(['Bacillus', 'luteus'], ['Bacillus', 'circulans'])","(['Bacillus', 'luteus'], ['Bacillus', 'megaterium'])","(['Bacillus', 'luteus'], ['Bacillus', 'thuringiensis', 'serovar', 'chinensis', 'CT-43'])","(['Bacillus', 'luteus'], ['Bacillus', 'cereus', 'BAG2O-1'])","(['Bacillus', 'luteus'], ['Bacillus', 'mycoides'])","(['Bacillus', 'luteus'], ['Bacillus', 'thuringiensis', 'serovar', 'huazhongensis', 'BGSC', '4BD1'])","(['Bacillus', 'siamensis'], ['Bacillus', 'velezensis', 'FZB42'])","(['Bacillus', 'siamensis'], ['Bacillus', 'velezensis', 'FZB42'])","(['Bacillus', 'siamensis'], ['Bacillus', 'subtilis', 'subsp.', 'subtilis', 'str.', '168'])","(['Bacillus', 'siamensis'], ['Bacillus', 'licheniformis'])","(['Bacillus', 'siamensis'], ['Bacillus', 'cereus'])","(['Bacillus', 'siamensis'], ['Bacillus', 'sp.', 'NK2003'])","(['Bacillus', 'siamensis'], ['Bacillus', 'licheniformis', 'DSM', '13', '=', 'ATCC', '14580'])","(['Bacillus', 'siamensis'], ['Bacillus', 'subtilis', 'subsp.', 'subtilis'])","(['Bacillus', 'siamensis'], ['Bacillus', 'velezensis', 'FZB42'])","(['Bacillus', 'siamensis'], ['Bacillus', 'cereus'])","(['Bacillus', 'siamensis'], ['Bacillus', 'cereus'])","(['Bacillus', 'siamensis'], ['Bacillus', 'cereus'])","(['Bacillus', 'siamensis'], ['Bacillus', 'cereus'])","(['Bacillus', 'siamensis'], ['Bacillus', 'cereus'])","(['Bacillus', 'siamensis'], ['Bacillus', 'cereus'])","(['Bacillus', 'siamensis'], ['Bacillus', 'cereus'])","(['Bacillus', 'siamensis'], ['Bacillus', 'cereus'])","(['Bacillus', 'siamensis'], ['Bacillus', 'subtilis', 'subsp.', 'spizizenii'])","(['Bacillus', 'siamensis'], ['Bacillus', 'subtilis'])","(['Bacillus', 'siamensis'], ['Bacillus', 'halodurans', 'C-125'])","(['Bacillus', 'siamensis'], ['Bacillus', 'halodurans', 'C-125'])","(['Bacillus', 'siamensis'], ['Bacillus', 'licheniformis'])","(['Bacillus', 'siamensis'], ['Bacillus', 'licheniformis'])","(['Bacillus', 'siamensis'], ['Bacillus', 'sp.', 'HIL-Y85/54728'])","(['Bacillus', 'siamensis'], ['Bacillus', 'subtilis', 'subsp.', 'subtilis', 'str.', '168'])","(['Bacillus', 'siamensis'], ['Bacillus', 'subtilis', 'subsp.', 'spizizenii', 'ATCC', '6633'])","(['Bacillus', 'siamensis'], ['Bacillus', 'subtilis'])","(['Bacillus', 'siamensis'], ['Bacillus', 'velezensis', 'FZB42'])","(['Bacillus', 'siamensis'], ['Bacillus', 'thuringiensis'])","(['Bacillus', 'siamensis'], ['Bacillus', 'thuringiensis'])","(['Bacillus', 'siamensis'], ['Bacillus', 'thuringiensis'])","(['Bacillus', 'siamensis'], ['Bacillus', 'subtilis', 'subsp.', 'subtilis', 'str.', '168'])","(['Bacillus', 'siamensis'], ['Bacillus', 'subtilis', 'subsp.', 'spizizenii', 'ATCC', '6633'])","(['Bacillus', 'siamensis'], ['Bacillus', 'cereus', 'ATCC', '14579'])","(['Bacillus', 'siamensis'], ['Bacillus', 'velezensis', 'FZB42'])","(['Bacillus', 'siamensis'], ['Bacillus', 'coagulans'])","(['Bacillus', 'siamensis'], ['Bacillus', 'megaterium'])","(['Bacillus', 'siamensis'], ['Bacillus', 'thuringiensis'])","(['Bacillus', 'siamensis'], ['Bacillus', 'circulans'])","(['Bacillus', 'siamensis'], ['Bacillus', 'circulans'])","(['Bacillus', 'siamensis'], ['Bacillus', 'circulans'])","(['Bacillus', 'siamensis'], ['Bacillus', 'subtilis', 'subsp.', 'subtilis', 'str.', '168'])","(['Bacillus', 'siamensis'], ['Bacillus', 'sp.', 'CS93'])","(['Bacillus', 'siamensis'], ['Bacillus', 'cereus'])","(['Bacillus', 'siamensis'], ['Bacillus', 'subtilis', 'subsp.', 'spizizenii', 'ATCC', '6633'])","(['Bacillus', 'siamensis'], ['Bacillus', 'anthracis', 'str.', 'Ames'])","(['Bacillus', 'siamensis'], ['Bacillus', 'subtilis'])","(['Bacillus', 'siamensis'], ['Bacillus', 'cereus'])","(['Bacillus', 'siamensis'], ['Bacillus', 'velezensis', 'FZB42'])","(['Bacillus', 'siamensis'], ['Bacillus', 'velezensis', 'FZB42'])","(['Bacillus', 'siamensis'], ['Bacillus', 'velezensis', 'FZB42'])","(['Bacillus', 'siamensis'], ['Bacillus', 'subtilis'])","(['Bacillus', 'siamensis'], ['Bacillus', 'subtilis', 'subsp.', 'spizizenii', 'ATCC', '6633'])","(['Bacillus', 'siamensis'], ['Bacillus', 'pumilus', 'ATCC', '7061'])","(['Bacillus', 'siamensis'], ['Bacillus', 'velezensis', 'FZB42'])","(['Bacillus', 'siamensis'], ['Bacillus', 'velezensis', 'FZB42'])","(['Bacillus', 'siamensis'], ['Bacillus', 'pseudomycoides', 'DSM', '12442'])","(['Bacillus', 'siamensis'], ['Bacillus', 'thuringiensis', 'serovar', 'rongseni'])","(['Bacillus', 'siamensis'], ['Bacillus', 'cereus', 'SJ1'])","(['Bacillus', 'siamensis'], ['Bacillus', 'subtilis'])","(['Bacillus', 'siamensis'], ['Bacillus', 'subtilis'])","(['Bacillus', 'siamensis'], ['Bacillus', 'subtilis'])","(['Bacillus', 'siamensis'], ['Bacillus', 'sp.', '2_A_57_CT2'])","(['Bacillus', 'siamensis'], ['Bacillus', 'circulans'])","(['Bacillus', 'siamensis'], ['Bacillus', 'megaterium'])","(['Bacillus', 'siamensis'], ['Bacillus', 'thuringiensis', 'serovar', 'chinensis', 'CT-43'])","(['Bacillus', 'siamensis'], ['Bacillus', 'cereus', 'BAG2O-1'])","(['Bacillus', 'siamensis'], ['Bacillus', 'mycoides'])","(['Bacillus', 'siamensis'], ['Bacillus', 'thuringiensis', 'serovar', 'huazhongensis', 'BGSC', '4BD1'])","(['Brevundimonas', 'faecalis'], ['Brevundimonas', 'sp.', 'SD212'])","(['Brevundimonas', 'faecalis'], ['Brevundimonas', 'vesicularis'])","(['Clostridium', 'hungatei'], ['Clostridium', 'beijerinckii'])","(['Clostridium', 'hungatei'], ['Clostridium', 'botulinum', 'A', 'str.', 'ATCC', '3502'])","(['Clostridium', 'hungatei'], ['Clostridium', 'sporogenes', 'ATCC', '15579'])","(['Clostridium', 'hungatei'], ['Clostridium', 'sp.', 'CAG:567'])","(['Legionella', 'quinlivanii'], ['Legionella', 'parisiensis'])","(['Legionella', 'quinlivanii'], ['Legionella', 'pneumophila'])","(['Clostridium', 'botulinum'], ['Clostridium', 'beijerinckii'])","(['Clostridium', 'botulinum'], ['Clostridium', 'botulinum', 'A', 'str.', 'ATCC', '3502'])","(['Clostridium', 'botulinum'], ['Clostridium', 'sporogenes', 'ATCC', '15579'])","(['Clostridium', 'botulinum'], ['Clostridium', 'sp.', 'CAG:567'])","(['Cystobacter', 'violaceus'], ['Cystobacter', 'fuscus'])","(['Cystobacter', 'violaceus'], ['Cystobacter', 'fuscus'])","(['Cystobacter', 'violaceus'], ['Cystobacter', 'fuscus'])","(['Cystobacter', 'violaceus'], ['Cystobacter', 'fuscus'])","(['Cystobacter', 'violaceus'], ['Cystobacter', 'fuscus'])","(['Cystobacter', 'violaceus'], ['Cystobacter', 'sp.', 'SBCb004'])","(['Cystobacter', 'violaceus'], ['Cystobacter', 'sp.', 'SBCb004'])","(['Cystobacter', 'violaceus'], ['Cystobacter', 'sp.', 'SBCb004'])","(['Cystobacter', 'violaceus'], ['Cystobacter', 'sp.', 'SBCb004'])","(['Cystobacter', 'violaceus'], ['Cystobacter', 'sp.', 'SBCb004'])","(['Cystobacter', 'violaceus'], ['Cystobacter', 'sp.', 'SBCb004'])","(['Cystobacter', 'violaceus'], ['Cystobacter', 'sp.', 'SBCb004'])","(['Cystobacter', 'violaceus'], ['Cystobacter', 'sp.', 'SBCb004'])","(['Cystobacter', 'violaceus'], ['Cystobacter', 'sp.', 'SBCb004'])","(['Cystobacter', 'violaceus'], ['Cystobacter', 'sp.', 'Cbv34'])","(['Cystobacter', 'violaceus'], ['Cystobacter', 'sp.'])","(['Cystobacter', 'violaceus'], ['Cystobacter', 'sp.'])","(['Cystobacter', 'violaceus'], ['Cystobacter', 'sp.'])","(['Cystobacter', 'violaceus'], ['Cystobacter', 'sp.'])","(['Cystobacter', 'violaceus'], ['Cystobacter', 'sp.'])","(['Haliangium', 'ochraceum'], ['Haliangium', 'ochraceum', 'DSM', '14365'])","(['Chondromyces', 'robustus'], ['Chondromyces', 'crocatus'])","(['Chondromyces', 'robustus'], ['Chondromyces', 'crocatus'])","(['Chondromyces', 'robustus'], ['Chondromyces', 'crocatus'])","(['Chondromyces', 'robustus'], ['Chondromyces', 'crocatus'])","(['Chondromyces', 'robustus'], ['Chondromyces', 'crocatus'])","(['Chondromyces', 'robustus'], ['Chondromyces', 'crocatus'])","(['Chondromyces', 'robustus'], ['Chondromyces', 'crocatus'])","(['Chondromyces', 'robustus'], ['Chondromyces', 'crocatus'])","(['Clostridium', 'lactatifermentans'], ['Clostridium', 'beijerinckii'])","(['Clostridium', 'lactatifermentans'], ['Clostridium', 'botulinum', 'A', 'str.', 'ATCC', '3502'])","(['Clostridium', 'lactatifermentans'], ['Clostridium', 'sporogenes', 'ATCC', '15579'])","(['Clostridium', 'lactatifermentans'], ['Clostridium', 'sp.', 'CAG:567'])","(['Clostridium', 'limosum'], ['Clostridium', 'beijerinckii'])","(['Clostridium', 'limosum'], ['Clostridium', 'botulinum', 'A', 'str.', 'ATCC', '3502'])","(['Clostridium', 'limosum'], ['Clostridium', 'sporogenes', 'ATCC', '15579'])","(['Clostridium', 'limosum'], ['Clostridium', 'sp.', 'CAG:567'])","(['Haliangium', 'ochraceum'], ['Haliangium', 'ochraceum', 'DSM', '14365'])","(['Haliangium', 'tepidum'], ['Haliangium', 'ochraceum', 'DSM', '14365'])","(['Clostridium', 'algifaecis'], ['Clostridium', 'beijerinckii'])","(['Clostridium', 'algifaecis'], ['Clostridium', 'botulinum', 'A', 'str.', 'ATCC', '3502'])","(['Clostridium', 'algifaecis'], ['Clostridium', 'sporogenes', 'ATCC', '15579'])","(['Clostridium', 'algifaecis'], ['Clostridium', 'sp.', 'CAG:567'])","(['Chondromyces', 'robustus'], ['Chondromyces', 'crocatus'])","(['Chondromyces', 'robustus'], ['Chondromyces', 'crocatus'])","(['Chondromyces', 'robustus'], ['Chondromyces', 'crocatus'])","(['Chondromyces', 'robustus'], ['Chondromyces', 'crocatus'])","(['Chondromyces', 'robustus'], ['Chondromyces', 'crocatus'])","(['Chondromyces', 'robustus'], ['Chondromyces', 'crocatus'])","(['Chondromyces', 'robustus'], ['Chondromyces', 'crocatus'])","(['Chondromyces', 'robustus'], ['Chondromyces', 'crocatus'])","(['Haliangium', 'ochraceum'], ['Haliangium', 'ochraceum', 'DSM', '14365'])","(['Chondromyces', 'robustus'], ['Chondromyces', 'crocatus'])","(['Chondromyces', 'robustus'], ['Chondromyces', 'crocatus'])","(['Chondromyces', 'robustus'], ['Chondromyces', 'crocatus'])","(['Chondromyces', 'robustus'], ['Chondromyces', 'crocatus'])","(['Chondromyces', 'robustus'], ['Chondromyces', 'crocatus'])","(['Chondromyces', 'robustus'], ['Chondromyces', 'crocatus'])","(['Chondromyces', 'robustus'], ['Chondromyces', 'crocatus'])","(['Chondromyces', 'robustus'], ['Chondromyces', 'crocatus'])","(['Haliangium', 'ochraceum'], ['Haliangium', 'ochraceum', 'DSM', '14365'])","(['Clostridium', 'alkalicellulosi'], ['Clostridium', 'beijerinckii'])","(['Clostridium', 'alkalicellulosi'], ['Clostridium', 'botulinum', 'A', 'str.', 'ATCC', '3502'])","(['Clostridium', 'alkalicellulosi'], ['Clostridium', 'sporogenes', 'ATCC', '15579'])","(['Clostridium', 'alkalicellulosi'], ['Clostridium', 'sp.', 'CAG:567'])","(['Chondromyces', 'robustus'], ['Chondromyces', 'crocatus'])","(['Chondromyces', 'robustus'], ['Chondromyces', 'crocatus'])","(['Chondromyces', 'robustus'], ['Chondromyces', 'crocatus'])","(['Chondromyces', 'robustus'], ['Chondromyces', 'crocatus'])","(['Chondromyces', 'robustus'], ['Chondromyces', 'crocatus'])","(['Chondromyces', 'robustus'], ['Chondromyces', 'crocatus'])","(['Chondromyces', 'robustus'], ['Chondromyces', 'crocatus'])","(['Chondromyces', 'robustus'], ['Chondromyces', 'crocatus'])","(['Rhodobacter', 'megalophilus'], ['Rhodobacter', 'sphaeroides'])","(['Rhodobacter', 'megalophilus'], ['Rhodobacter', 'capsulatus'])","(['Chondromyces', 'robustus'], ['Chondromyces', 'crocatus'])","(['Chondromyces', 'robustus'], ['Chondromyces', 'crocatus'])","(['Chondromyces', 'robustus'], ['Chondromyces', 'crocatus'])","(['Chondromyces', 'robustus'], ['Chondromyces', 'crocatus'])","(['Chondromyces', 'robustus'], ['Chondromyces', 'crocatus'])","(['Chondromyces', 'robustus'], ['Chondromyces', 'crocatus'])","(['Chondromyces', 'robustus'], ['Chondromyces', 'crocatus'])","(['Chondromyces', 'robustus'], ['Chondromyces', 'crocatus'])","(['Chondromyces', 'robustus'], ['Chondromyces', 'crocatus'])","(['Chondromyces', 'robustus'], ['Chondromyces', 'crocatus'])","(['Chondromyces', 'robustus'], ['Chondromyces', 'crocatus'])","(['Chondromyces', 'robustus'], ['Chondromyces', 'crocatus'])","(['Chondromyces', 'robustus'], ['Chondromyces', 'crocatus'])","(['Chondromyces', 'robustus'], ['Chondromyces', 'crocatus'])","(['Chondromyces', 'robustus'], ['Chondromyces', 'crocatus'])","(['Chondromyces', 'robustus'], ['Chondromyces', 'crocatus'])","(['Bacteroides', 'cellulosolvens'], ['Bacteroides', 'fragilis', 'NCTC', '9343'])","(['Bacteroides', 'cellulosolvens'], ['Bacteroides', 'fragilis'])","(['Bacteroides', 'cellulosolvens'], ['Bacteroides', 'fragilis'])","(['Bacteroides', 'cellulosolvens'], ['Bacteroides', 'fragilis'])","(['Bacteroides', 'cellulosolvens'], ['Bacteroides', 'thetaiotaomicron', 'VPI-5482'])","(['Bacteroides', 'cellulosolvens'], ['Bacteroides', 'fragilis', '638R'])","(['Haliangium', 'ochraceum'], ['Haliangium', 'ochraceum', 'DSM', '14365'])","(['Cystobacter', 'badius'], ['Cystobacter', 'fuscus'])","(['Cystobacter', 'badius'], ['Cystobacter', 'fuscus'])","(['Cystobacter', 'badius'], ['Cystobacter', 'fuscus'])","(['Cystobacter', 'badius'], ['Cystobacter', 'fuscus'])","(['Cystobacter', 'badius'], ['Cystobacter', 'fuscus'])","(['Cystobacter', 'badius'], ['Cystobacter', 'sp.', 'SBCb004'])","(['Cystobacter', 'badius'], ['Cystobacter', 'sp.', 'SBCb004'])","(['Cystobacter', 'badius'], ['Cystobacter', 'sp.', 'SBCb004'])","(['Cystobacter', 'badius'], ['Cystobacter', 'sp.', 'SBCb004'])","(['Cystobacter', 'badius'], ['Cystobacter', 'sp.', 'SBCb004'])","(['Cystobacter', 'badius'], ['Cystobacter', 'sp.', 'SBCb004'])","(['Cystobacter', 'badius'], ['Cystobacter', 'sp.', 'SBCb004'])","(['Cystobacter', 'badius'], ['Cystobacter', 'sp.', 'SBCb004'])","(['Cystobacter', 'badius'], ['Cystobacter', 'sp.', 'SBCb004'])","(['Cystobacter', 'badius'], ['Cystobacter', 'sp.', 'Cbv34'])","(['Cystobacter', 'badius'], ['Cystobacter', 'sp.'])","(['Cystobacter', 'badius'], ['Cystobacter', 'sp.'])","(['Cystobacter', 'badius'], ['Cystobacter', 'sp.'])","(['Cystobacter', 'badius'], ['Cystobacter', 'sp.'])","(['Cystobacter', 'badius'], ['Cystobacter', 'sp.'])","(['Haliangium', 'ochraceum'], ['Haliangium', 'ochraceum', 'DSM', '14365'])","(['Haliangium', 'ochraceum'], ['Haliangium', 'ochraceum', 'DSM', '14365'])","(['Clostridium', 'leptum'], ['Clostridium', 'beijerinckii'])","(['Clostridium', 'leptum'], ['Clostridium', 'botulinum', 'A', 'str.', 'ATCC', '3502'])","(['Clostridium', 'leptum'], ['Clostridium', 'sporogenes', 'ATCC', '15579'])","(['Clostridium', 'leptum'], ['Clostridium', 'sp.', 'CAG:567'])","(['Haliangium', 'ochraceum'], ['Haliangium', 'ochraceum', 'DSM', '14365'])","(['Chondromyces', 'robustus'], ['Chondromyces', 'crocatus'])","(['Chondromyces', 'robustus'], ['Chondromyces', 'crocatus'])","(['Chondromyces', 'robustus'], ['Chondromyces', 'crocatus'])","(['Chondromyces', 'robustus'], ['Chondromyces', 'crocatus'])","(['Chondromyces', 'robustus'], ['Chondromyces', 'crocatus'])","(['Chondromyces', 'robustus'], ['Chondromyces', 'crocatus'])","(['Chondromyces', 'robustus'], ['Chondromyces', 'crocatus'])","(['Chondromyces', 'robustus'], ['Chondromyces', 'crocatus'])","(['Ruminococcus', 'bromii'], ['Ruminococcus', 'flavefaciens', 'FD-1'])","(['Ruminococcus', 'bromii'], ['Ruminococcus', 'sp.', '5_1_39BFAA'])","(['Chondromyces', 'robustus'], ['Chondromyces', 'crocatus'])","(['Chondromyces', 'robustus'], ['Chondromyces', 'crocatus'])","(['Chondromyces', 'robustus'], ['Chondromyces', 'crocatus'])","(['Chondromyces', 'robustus'], ['Chondromyces', 'crocatus'])","(['Chondromyces', 'robustus'], ['Chondromyces', 'crocatus'])","(['Chondromyces', 'robustus'], ['Chondromyces', 'crocatus'])","(['Chondromyces', 'robustus'], ['Chondromyces', 'crocatus'])","(['Chondromyces', 'robustus'], ['Chondromyces', 'crocatus'])","(['Chondromyces', 'robustus'], ['Chondromyces', 'crocatus'])","(['Chondromyces', 'robustus'], ['Chondromyces', 'crocatus'])","(['Chondromyces', 'robustus'], ['Chondromyces', 'crocatus'])","(['Chondromyces', 'robustus'], ['Chondromyces', 'crocatus'])","(['Chondromyces', 'robustus'], ['Chondromyces', 'crocatus'])","(['Chondromyces', 'robustus'], ['Chondromyces', 'crocatus'])","(['Chondromyces', 'robustus'], ['Chondromyces', 'crocatus'])","(['Chondromyces', 'robustus'], ['Chondromyces', 'crocatus'])","(['Chondromyces', 'robustus'], ['Chondromyces', 'crocatus'])","(['Chondromyces', 'robustus'], ['Chondromyces', 'crocatus'])","(['Chondromyces', 'robustus'], ['Chondromyces', 'crocatus'])","(['Chondromyces', 'robustus'], ['Chondromyces', 'crocatus'])","(['Chondromyces', 'robustus'], ['Chondromyces', 'crocatus'])","(['Chondromyces', 'robustus'], ['Chondromyces', 'crocatus'])","(['Chondromyces', 'robustus'], ['Chondromyces', 'crocatus'])","(['Chondromyces', 'robustus'], ['Chondromyces', 'crocatus'])","(['Chondromyces', 'robustus'], ['Chondromyces', 'crocatus'])","(['Chondromyces', 'robustus'], ['Chondromyces', 'crocatus'])","(['Chondromyces', 'robustus'], ['Chondromyces', 'crocatus'])","(['Chondromyces', 'robustus'], ['Chondromyces', 'crocatus'])","(['Chondromyces', 'robustus'], ['Chondromyces', 'crocatus'])","(['Chondromyces', 'robustus'], ['Chondromyces', 'crocatus'])","(['Chondromyces', 'robustus'], ['Chondromyces', 'crocatus'])","(['Chondromyces', 'robustus'], ['Chondromyces', 'crocatus'])","(['Haliangium', 'ochraceum'], ['Haliangium', 'ochraceum', 'DSM', '14365'])","(['Haliangium', 'ochraceum'], ['Haliangium', 'ochraceum', 'DSM', '14365'])","(['Haliangium', 'ochraceum'], ['Haliangium', 'ochraceum', 'DSM', '14365'])","(['Acinetobacter', 'bohemicus'], ['Acinetobacter', 'baumannii'])","(['Acinetobacter', 'bohemicus'], ['Acinetobacter', 'haemolyticus'])","(['Acinetobacter', 'bohemicus'], ['Acinetobacter', 'sp.', 'ADP1'])","(['Acinetobacter', 'bohemicus'], ['Acinetobacter', 'venetianus', 'RAG-1', '=', 'CIP', '110063'])","(['Acinetobacter', 'bohemicus'], ['Acinetobacter', 'gyllenbergii', 'CIP', '110306'])","(['Acinetobacter', 'bohemicus'], ['Acinetobacter', 'baumannii'])","(['Clostridium', 'leptum'], ['Clostridium', 'beijerinckii'])","(['Clostridium', 'leptum'], ['Clostridium', 'botulinum', 'A', 'str.', 'ATCC', '3502'])","(['Clostridium', 'leptum'], ['Clostridium', 'sporogenes', 'ATCC', '15579'])","(['Clostridium', 'leptum'], ['Clostridium', 'sp.', 'CAG:567'])","(['Ruminococcus', 'bromii'], ['Ruminococcus', 'flavefaciens', 'FD-1'])","(['Ruminococcus', 'bromii'], ['Ruminococcus', 'sp.', '5_1_39BFAA'])","(['Clostridium', 'cellulosi'], ['Clostridium', 'beijerinckii'])","(['Clostridium', 'cellulosi'], ['Clostridium', 'botulinum', 'A', 'str.', 'ATCC', '3502'])","(['Clostridium', 'cellulosi'], ['Clostridium', 'sporogenes', 'ATCC', '15579'])","(['Clostridium', 'cellulosi'], ['Clostridium', 'sp.', 'CAG:567'])","(['Clostridium', 'hungatei'], ['Clostridium', 'beijerinckii'])","(['Clostridium', 'hungatei'], ['Clostridium', 'botulinum', 'A', 'str.', 'ATCC', '3502'])","(['Clostridium', 'hungatei'], ['Clostridium', 'sporogenes', 'ATCC', '15579'])","(['Clostridium', 'hungatei'], ['Clostridium', 'sp.', 'CAG:567'])","(['Chondromyces', 'robustus'], ['Chondromyces', 'crocatus'])","(['Chondromyces', 'robustus'], ['Chondromyces', 'crocatus'])","(['Chondromyces', 'robustus'], ['Chondromyces', 'crocatus'])","(['Chondromyces', 'robustus'], ['Chondromyces', 'crocatus'])","(['Chondromyces', 'robustus'], ['Chondromyces', 'crocatus'])","(['Chondromyces', 'robustus'], ['Chondromyces', 'crocatus'])","(['Chondromyces', 'robustus'], ['Chondromyces', 'crocatus'])","(['Chondromyces', 'robustus'], ['Chondromyces', 'crocatus'])","(['Chondromyces', 'robustus'], ['Chondromyces', 'crocatus'])","(['Chondromyces', 'robustus'], ['Chondromyces', 'crocatus'])","(['Chondromyces', 'robustus'], ['Chondromyces', 'crocatus'])","(['Chondromyces', 'robustus'], ['Chondromyces', 'crocatus'])","(['Chondromyces', 'robustus'], ['Chondromyces', 'crocatus'])","(['Chondromyces', 'robustus'], ['Chondromyces', 'crocatus'])","(['Chondromyces', 'robustus'], ['Chondromyces', 'crocatus'])","(['Chondromyces', 'robustus'], ['Chondromyces', 'crocatus'])","(['Haliangium', 'ochraceum'], ['Haliangium', 'ochraceum', 'DSM', '14365'])","(['Haliangium', 'ochraceum'], ['Haliangium', 'ochraceum', 'DSM', '14365'])","(['Haliangium', 'ochraceum'], ['Haliangium', 'ochraceum', 'DSM', '14365'])","(['Haliangium', 'ochraceum'], ['Haliangium', 'ochraceum', 'DSM', '14365'])","(['Chondromyces', 'robustus'], ['Chondromyces', 'crocatus'])","(['Chondromyces', 'robustus'], ['Chondromyces', 'crocatus'])","(['Chondromyces', 'robustus'], ['Chondromyces', 'crocatus'])","(['Chondromyces', 'robustus'], ['Chondromyces', 'crocatus'])","(['Chondromyces', 'robustus'], ['Chondromyces', 'crocatus'])","(['Chondromyces', 'robustus'], ['Chondromyces', 'crocatus'])","(['Chondromyces', 'robustus'], ['Chondromyces', 'crocatus'])","(['Chondromyces', 'robustus'], ['Chondromyces', 'crocatus'])","(['Rhodobacter', 'megalophilus'], ['Rhodobacter', 'sphaeroides'])","(['Rhodobacter', 'megalophilus'], ['Rhodobacter', 'capsulatus'])","(['Haliangium', 'tepidum'], ['Haliangium', 'ochraceum', 'DSM', '14365'])","(['Clostridium', 'leptum'], ['Clostridium', 'beijerinckii'])","(['Clostridium', 'leptum'], ['Clostridium', 'botulinum', 'A', 'str.', 'ATCC', '3502'])","(['Clostridium', 'leptum'], ['Clostridium', 'sporogenes', 'ATCC', '15579'])","(['Clostridium', 'leptum'], ['Clostridium', 'sp.', 'CAG:567'])","(['Clostridium', 'leptum'], ['Clostridium', 'beijerinckii'])","(['Clostridium', 'leptum'], ['Clostridium', 'botulinum', 'A', 'str.', 'ATCC', '3502'])","(['Clostridium', 'leptum'], ['Clostridium', 'sporogenes', 'ATCC', '15579'])","(['Clostridium', 'leptum'], ['Clostridium', 'sp.', 'CAG:567'])","(['Haliangium', 'ochraceum'], ['Haliangium', 'ochraceum', 'DSM', '14365'])","(['Haliangium', 'ochraceum'], ['Haliangium', 'ochraceum', 'DSM', '14365'])","(['Clostridium', 'lactatifermentans'], ['Clostridium', 'beijerinckii'])","(['Clostridium', 'lactatifermentans'], ['Clostridium', 'botulinum', 'A', 'str.', 'ATCC', '3502'])","(['Clostridium', 'lactatifermentans'], ['Clostridium', 'sporogenes', 'ATCC', '15579'])","(['Clostridium', 'lactatifermentans'], ['Clostridium', 'sp.', 'CAG:567'])","(['Clostridium', 'leptum'], ['Clostridium', 'beijerinckii'])","(['Clostridium', 'leptum'], ['Clostridium', 'botulinum', 'A', 'str.', 'ATCC', '3502'])","(['Clostridium', 'leptum'], ['Clostridium', 'sporogenes', 'ATCC', '15579'])","(['Clostridium', 'leptum'], ['Clostridium', 'sp.', 'CAG:567'])","(['Haliangium', 'ochraceum'], ['Haliangium', 'ochraceum', 'DSM', '14365'])","(['Clostridium', 'leptum'], ['Clostridium', 'beijerinckii'])","(['Clostridium', 'leptum'], ['Clostridium', 'botulinum', 'A', 'str.', 'ATCC', '3502'])","(['Clostridium', 'leptum'], ['Clostridium', 'sporogenes', 'ATCC', '15579'])","(['Clostridium', 'leptum'], ['Clostridium', 'sp.', 'CAG:567'])","(['Microbacterium', 'petrolearium'], ['Microbacterium', 'arborescens'])","(['Shewanella', 'hanedai'], ['Shewanella', 'sp.', 'BR-2'])","(['Shewanella', 'hanedai'], ['Shewanella', 'pneumatophori'])","(['Chondromyces', 'robustus'], ['Chondromyces', 'crocatus'])","(['Chondromyces', 'robustus'], ['Chondromyces', 'crocatus'])","(['Chondromyces', 'robustus'], ['Chondromyces', 'crocatus'])","(['Chondromyces', 'robustus'], ['Chondromyces', 'crocatus'])","(['Chondromyces', 'robustus'], ['Chondromyces', 'crocatus'])","(['Chondromyces', 'robustus'], ['Chondromyces', 'crocatus'])","(['Chondromyces', 'robustus'], ['Chondromyces', 'crocatus'])","(['Chondromyces', 'robustus'], ['Chondromyces', 'crocatus'])","(['Chondromyces', 'robustus'], ['Chondromyces', 'crocatus'])","(['Chondromyces', 'robustus'], ['Chondromyces', 'crocatus'])","(['Chondromyces', 'robustus'], ['Chondromyces', 'crocatus'])","(['Chondromyces', 'robustus'], ['Chondromyces', 'crocatus'])","(['Chondromyces', 'robustus'], ['Chondromyces', 'crocatus'])","(['Chondromyces', 'robustus'], ['Chondromyces', 'crocatus'])","(['Chondromyces', 'robustus'], ['Chondromyces', 'crocatus'])","(['Chondromyces', 'robustus'], ['Chondromyces', 'crocatus'])","(['Chondromyces', 'robustus'], ['Chondromyces', 'crocatus'])","(['Chondromyces', 'robustus'], ['Chondromyces', 'crocatus'])","(['Chondromyces', 'robustus'], ['Chondromyces', 'crocatus'])","(['Chondromyces', 'robustus'], ['Chondromyces', 'crocatus'])","(['Chondromyces', 'robustus'], ['Chondromyces', 'crocatus'])","(['Chondromyces', 'robustus'], ['Chondromyces', 'crocatus'])","(['Chondromyces', 'robustus'], ['Chondromyces', 'crocatus'])","(['Chondromyces', 'robustus'], ['Chondromyces', 'crocatus'])","(['Haliangium', 'ochraceum'], ['Haliangium', 'ochraceum', 'DSM', '14365'])","(['Haliangium', 'ochraceum'], ['Haliangium', 'ochraceum', 'DSM', '14365'])","(['Haliangium', 'ochraceum'], ['Haliangium', 'ochraceum', 'DSM', '14365'])"
